,name,phone,email,address,latlng,salary,age,Devise,salary_XOF,Country,Flag
0,Steel JOYCE,1-127-423-9567,tristique.neque@hotmail.edu,Ap #530-8188 Metus St.,"-73.66184192, 166.3673848832",285634,57,yen,1371043.2,Egypt,https://flagcdn.com/w320/eg.png
1,Moses DELACRUZ,457-7146,nonummy.ultricies@protonmail.org,Ap #449-4260 Fermentum Street,"39.6353533952, -4.5575151616",778682,44,dollar,510426051.0,Brunei,https://flagcdn.com/w320/bn.png
2,Martena HINTON,617-4257,in.felis@protonmail.ca,"P.O. Box 478, 5484 Nascetur Av.","32.7849071616, -60.7392228352",949082,77,yen,4555593.6,Jamaica,https://flagcdn.com/w320/jm.png
3,Noelle ADAMS,1-811-863-6923,ut@google.ca,4454 Lacus. Av.,"31.7086531584, -176.0888680448",639021,76,dollar,418878265.5,Kosovo,https://flagcdn.com/w320/xk.png
4,Price MARSHALL,1-761-784-2189,ullamcorper@outlook.edu,974-3462 Lorem Rd.,"12.9765538816, 62.0902734848",899474,51,dollar,589605207.0,Curaçao,https://flagcdn.com/w320/cw.png
5,Hiram BOWEN,1-854-769-2571,eget.varius@icloud.edu,Ap #629-7286 Risus. Rd.,"-79.7140890624, 58.7329120256",712509,88,euro,467375266.113,Zambia,https://flagcdn.com/w320/zm.png
6,Martha COLON,1-624-504-2293,in.magna.phasellus@aol.org,Ap #873-4786 Gravida Rd.,"33.019452928, -124.9029582848",937916,86,euro,615232565.612,Equatorial Guinea,https://flagcdn.com/w320/gq.png
7,Mechelle HOUSTON,162-4687,porttitor@protonmail.net,403-9897 Praesent St.,"53.4897123328, -58.612930048",721192,41,dollar,472741356.0,Chad,https://flagcdn.com/w320/td.png
8,Grant POOLE,254-9839,vulputate@icloud.edu,905-5240 Nisl. Ave,"-58.329318912, -90.3049449472",540785,44,euro,354731706.245,Pitcairn Islands,https://flagcdn.com/w320/pn.png
9,Dillon CARSON,1-313-297-6635,in.lorem@protonmail.couk,665-286 Facilisis Rd.,"83.1683040256, 148.8455254016",544394,28,yen,2613091.1999999997,Ivory Coast,https://flagcdn.com/w320/ci.png
10,April CANTU,1-964-734-7012,scelerisque.dui@google.ca,440-4766 Pharetra. Rd.,"-89.94993664, 1.9597467648",259220,86,euro,170037173.54,Mexico,https://flagcdn.com/w320/mx.png
11,Lynn BRIGGS,275-4176,mauris.rhoncus@google.net,"P.O. Box 374, 7772 Mus. Rd.","-48.64776704, 71.6461387776",549657,81,yen,2638353.6,Turks and Caicos Islands,https://flagcdn.com/w320/tc.png
12,Athena NICHOLSON,433-7415,proin@icloud.net,"5416 Nec, Rd.","76.9593657344, 173.5453024256",295271,81,euro,193685079.347,Saint Kitts and Nevis,https://flagcdn.com/w320/kn.png
13,Lydia NASH,1-482-837-7452,sodales@icloud.couk,871-2208 Diam. St.,"20.04658432, -75.9588211712",215950,19,euro,141653914.15,Mongolia,https://flagcdn.com/w320/mn.png
14,Adena BUCHANAN,1-242-792-3675,magna.malesuada@icloud.org,"P.O. Box 214, 3997 Vestibulum Road","-4.356493824, 148.102949376",775131,37,yen,3720628.8,Belize,https://flagcdn.com/w320/bz.png
15,Idola FERRELL,1-787-727-2513,consectetuer.adipiscing@yahoo.ca,2332 Vel Rd.,"-56.159842816, 25.3068473344",924355,88,yen,4436904.0,Latvia,https://flagcdn.com/w320/lv.png
16,Sade DALE,1-666-434-1228,a.auctor@google.edu,306-4004 Malesuada Street,"-41.1241458688, 116.4043962368",995510,68,dollar,652556805.0,Tokelau,https://flagcdn.com/w320/tk.png
17,Caldwell THOMAS,1-375-502-1170,metus@google.com,154-3399 Ipsum St.,"-0.6013961216, 49.8841977856",461903,54,euro,302988506.171,United Kingdom,https://flagcdn.com/w320/gb.png
18,Gil GARZA,1-316-667-6765,luctus@aol.com,"P.O. Box 472, 4989 Lorem St.","-34.058870784, -60.2721666048",626508,82,dollar,410675994.0,Nepal,https://flagcdn.com/w320/np.png
19,Destiny BARTON,367-4615,cursus.a.enim@google.ca,146-1562 Eu Road,"9.1060692992, 53.3850353664",220328,28,dollar,144425004.0,Tajikistan,https://flagcdn.com/w320/tj.png
20,Rashad ZIMMERMAN,1-468-142-7780,eleifend@google.edu,345-6506 Ut Ave,"-8.5019941888, -127.407419392",709827,92,yen,3407169.6,Panama,https://flagcdn.com/w320/pa.png
21,Rosalyn FLETCHER,1-500-535-5742,amet@protonmail.org,Ap #227-8274 Suspendisse St.,"40.0959120384, -52.5801038848",355146,38,euro,232960504.722,South Georgia,https://flagcdn.com/w320/gs.png
22,Stella KNOX,480-6593,adipiscing.lacus@icloud.net,967-6509 Dignissim. Avenue,"-19.7890269184, 137.9866872832",825935,35,yen,3964488.0,Jordan,https://flagcdn.com/w320/jo.png
23,Yvette HARTMAN,391-6263,consequat.purus@icloud.org,530-4936 Sed St.,"79.558706176, -141.4831767552",464935,26,yen,2231688.0,Myanmar,https://flagcdn.com/w320/mm.png
24,Eugenia ALEXANDER,1-266-243-6308,magna.sed@hotmail.edu,198-3018 Lectus Ave,"88.4846611456, 141.6035131392",849966,89,yen,4079836.8,Kosovo,https://flagcdn.com/w320/xk.png
25,Brett DOYLE,1-972-186-8633,est.ac.mattis@hotmail.org,Ap #117-9098 Donec Av.,"66.0419033088, 110.31582208",835575,18,euro,548101270.275,Hungary,https://flagcdn.com/w320/hu.png
26,Nita JENNINGS,1-952-711-0725,aliquam.erat@aol.com,937-5086 Luctus Ave,"-41.8870422528, 146.6257831936",846294,62,yen,4062211.1999999997,Indonesia,https://flagcdn.com/w320/id.png
27,Gabriel VAUGHAN,1-317-966-7224,rutrum@outlook.ca,699-9964 Magna. Rd.,"-16.3071706112, -97.3386643456",904417,64,euro,593258662.069,Marshall Islands,https://flagcdn.com/w320/mh.png
28,Odessa SINGLETON,1-545-972-2160,nibh.aliquam@aol.ca,531-1409 Semper. Rd.,"88.9627720704, 61.1645980672",520462,18,euro,341400692.134,Estonia,https://flagcdn.com/w320/ee.png
29,Xaviera GAY,535-5533,mi.pede@protonmail.ca,Ap #318-2707 Non Rd.,"-59.2684186624, 121.8445302784",297649,23,dollar,195108919.5,Barbados,https://flagcdn.com/w320/bb.png
30,Kareem MCKNIGHT,423-4735,nunc.in.at@protonmail.couk,563-760 Nonummy Road,"-2.447708672, -24.0481380352",996309,70,dollar,653080549.5,Kyrgyzstan,https://flagcdn.com/w320/kg.png
31,Ora GREENE,1-391-515-8178,ipsum@aol.couk,Ap #135-927 Elementum Road,"-74.7438519296, 17.6045165568",201908,53,dollar,132350694.0,Iraq,https://flagcdn.com/w320/iq.png
32,Vladimir BARRON,539-1204,erat@google.net,562-6577 Taciti Avenue,"-70.641970176, 84.385854976",880897,31,dollar,577427983.5,Poland,https://flagcdn.com/w320/pl.png
33,Randall REESE,1-601-827-8551,lacus.quisque.purus@outlook.edu,Ap #208-8865 Ultricies Rd.,"39.73356032, -159.9319248896",923675,100,yen,4433640.0,Bulgaria,https://flagcdn.com/w320/bg.png
34,Hall AYERS,1-318-192-9332,purus@google.edu,5525 Lectus. St.,"34.6130067456, -47.7749970944",712661,81,dollar,467149285.5,Greece,https://flagcdn.com/w320/gr.png
35,Omar VARGAS,1-458-513-3815,ornare@outlook.couk,779-6702 Sollicitudin Street,"77.8848483328, -104.260660736",360687,34,euro,236595162.459,Vatican City,https://flagcdn.com/w320/va.png
36,Ella WARE,847-1883,massa.lobortis@hotmail.couk,Ap #483-8016 Mus. St.,"-25.3395258368, 15.1198437376",340854,74,yen,1636099.2,Italy,https://flagcdn.com/w320/it.png
37,Shelby ABBOTT,693-7704,pede.ac.urna@icloud.edu,"P.O. Box 379, 9943 Vulputate, St.","48.9380209664, -96.9651408896",217852,46,dollar,142801986.0,Bouvet Island,https://flagcdn.com/w320/bv.png
38,Tarik CHAMBERS,1-764-281-6486,ipsum.dolor@icloud.couk,188-2269 Tempus St.,"-15.8499757056, -100.8277810176",895521,45,euro,587423268.597,Cape Verde,https://flagcdn.com/w320/cv.png
39,Kylee MUNOZ,1-484-585-5645,sed@yahoo.org,"P.O. Box 176, 8992 Ut Av.","-36.2637423616, -29.3222470656",771740,89,dollar,505875570.0,Grenada,https://flagcdn.com/w320/gd.png
40,Skyler HESS,1-317-213-7878,eu@protonmail.com,"P.O. Box 393, 1679 Ultrices Rd.","17.7988330496, 21.4267082752",888272,51,yen,4263705.6,Slovenia,https://flagcdn.com/w320/si.png
41,Darrel RIDDLE,1-652-310-3416,vestibulum@aol.couk,Ap #153-6360 Nibh Ave,"45.0337709056, 2.9454432256",953141,69,euro,625219510.937,Mauritania,https://flagcdn.com/w320/mr.png
42,Justine DAVENPORT,1-380-882-2774,at.libero.morbi@google.net,109-8848 Mauris Avenue,"-23.0538201088, 74.4819150848",473739,50,dollar,310535914.5,Kenya,https://flagcdn.com/w320/ke.png
43,Victoria ROTH,1-954-318-7512,non.luctus@yahoo.couk,Ap #620-3108 Integer Ave,"60.4372124672, -155.5895187456",302070,100,euro,198144930.99,South Korea,https://flagcdn.com/w320/kr.png
44,Calista BAIRD,270-1278,molestie@protonmail.couk,339-8664 Lobortis Street,"-45.2122811392, -139.9299775488",785885,88,euro,515506766.945,Angola,https://flagcdn.com/w320/ao.png
45,Neil MCDANIEL,661-2045,nullam.vitae.diam@aol.com,6742 Arcu Avenue,"27.5629060096, 33.934112768",687069,88,yen,3297931.1999999997,Sudan,https://flagcdn.com/w320/sd.png
46,Shelby KELLEY,1-524-646-7233,pharetra@outlook.couk,Ap #869-4529 Varius Ave,"77.2283039744, -114.979890688",698194,75,yen,3351331.1999999997,Romania,https://flagcdn.com/w320/ro.png
47,Shad BAIRD,1-481-808-3764,nunc.pulvinar.arcu@hotmail.org,"P.O. Box 478, 9531 Mattis Rd.","37.6268104704, 83.047118848",465032,63,dollar,304828476.0,Jamaica,https://flagcdn.com/w320/jm.png
48,Jessica FINCH,282-5297,nisl.sem@aol.com,Ap #555-2622 Etiam Av.,"77.6510856192, -171.7529018368",867980,26,dollar,568960890.0,Uzbekistan,https://flagcdn.com/w320/uz.png
49,Abdul GALLOWAY,727-7142,purus.gravida@google.net,Ap #764-6486 Integer Av.,"-67.7465710592, 46.9506625536",794125,42,yen,3811800.0,Kazakhstan,https://flagcdn.com/w320/kz.png
50,Luke RODRIQUEZ,472-4098,mollis@protonmail.org,503-1558 Nunc Av.,"-28.9107175424, -84.5479186432",557485,27,yen,2675928.0,Belgium,https://flagcdn.com/w320/be.png
51,Dylan SLATER,1-676-678-7883,nullam.suscipit@hotmail.net,7098 Nec Road,"-44.9419713536, -58.5131692032",380681,31,dollar,249536395.5,Fiji,https://flagcdn.com/w320/fj.png
52,Colette STRONG,763-4171,nec.diam@icloud.org,"P.O. Box 918, 6597 Lorem St.","-82.3925876736, 119.9675075584",225640,67,yen,1083072.0,Angola,https://flagcdn.com/w320/ao.png
53,Yoshio MAYNARD,275-0454,nam.nulla@aol.net,Ap #353-4598 Ipsum St.,"-10.9644694528, -103.1576910848",734717,68,euro,481942759.16899997,Trinidad and Tobago,https://flagcdn.com/w320/tt.png
54,Eve FINCH,425-8738,donec.nibh@protonmail.com,903-7076 Mauris Av.,"-74.0732721152, -69.0982775808",231622,65,euro,151934072.254,Tuvalu,https://flagcdn.com/w320/tv.png
55,Angelica MCCARTHY,1-374-225-5202,in.dolor@aol.org,Ap #377-9256 Sit Street,"50.9796645888, 170.9959959552",962081,51,euro,631083766.517,Pitcairn Islands,https://flagcdn.com/w320/pn.png
56,Zachery RIVAS,343-6162,hendrerit@yahoo.net,Ap #351-1050 Auctor Rd.,"-42.7569770496, 68.3147066368",598388,65,yen,2872262.4,Djibouti,https://flagcdn.com/w320/dj.png
57,Allistair WASHINGTON,263-4394,neque.non.quam@hotmail.ca,877 Nunc Av.,"65.993460736, 100.9644698624",920300,60,yen,4417440.0,Guinea-Bissau,https://flagcdn.com/w320/gw.png
58,Bert JACOBSON,302-0186,ante.maecenas@protonmail.edu,992-6262 Ante Road,"-34.1850471424, -114.318424064",545256,90,euro,357664489.992,British Indian Ocean Territory,https://flagcdn.com/w320/io.png
59,Yardley PRATT,1-877-800-1782,sit.amet@icloud.ca,671-6140 Eu St.,"-26.2586925056, 35.7359044608",303362,95,dollar,198853791.0,Myanmar,https://flagcdn.com/w320/mm.png
60,Brent MILLER,1-877-334-4461,nostra.per.inceptos@protonmail.edu,815-4292 Nam Avenue,"45.595600896, 49.4608775168",681600,35,euro,447100291.2,Norway,https://flagcdn.com/w320/no.png
61,Kai LOWE,286-7544,amet.consectetuer.adipiscing@outlook.ca,4073 Quisque St.,"-58.0121403392, -154.9315328",828560,97,yen,3977088.0,Benin,https://flagcdn.com/w320/bj.png
62,Destiny CHRISTENSEN,1-435-355-0537,at.sem@outlook.com,Ap #152-8663 Consequat Av.,"-88.7975069696, -140.0896290816",834072,94,euro,547115366.904,Liberia,https://flagcdn.com/w320/lr.png
63,Teagan STEPHENSON,483-5380,duis.cursus@outlook.edu,"585-9514 Id, Ave","27.9682029568, 149.282369024",626325,74,yen,3006360.0,British Indian Ocean Territory,https://flagcdn.com/w320/io.png
64,Karly ROY,353-6467,venenatis.a@protonmail.ca,"P.O. Box 804, 7078 Sit Ave","88.5481593856, -149.7601153024",883226,95,yen,4239484.8,Slovakia,https://flagcdn.com/w320/sk.png
65,Nero POPE,1-957-195-8211,quam.pellentesque.habitant@hotmail.ca,Ap #309-7800 Nulla Rd.,"6.2935433216, -140.3866264576",869942,95,dollar,570246981.0,Estonia,https://flagcdn.com/w320/ee.png
66,Judah MORGAN,1-657-885-5410,integer@google.org,617-8459 Purus. Avenue,"1.7391891456, 111.474165248",279892,81,euro,183597116.644,Saint Barthélemy,https://flagcdn.com/w320/bl.png
67,Ruth FOX,427-6372,at.pede@protonmail.com,574-9724 Lorem Av.,"3.3448603648, 121.8186212352",578598,58,yen,2777270.4,Guinea,https://flagcdn.com/w320/gn.png
68,Colton VALENTINE,519-1636,sit.amet@protonmail.couk,930-5180 Malesuada Ave,"-43.6407191552, 124.7282686976",279843,33,dollar,183437086.5,Marshall Islands,https://flagcdn.com/w320/mh.png
69,Alfonso HOLMAN,204-6620,risus.odio@outlook.net,"Ap #904-4676 Sed, Ave","-58.0522576896, 33.3363555328",658266,53,yen,3159676.8,Lithuania,https://flagcdn.com/w320/lt.png
70,Abel MORENO,1-710-745-1908,montes.nascetur@hotmail.net,562-7207 Dui Road,"-53.97665536, 98.3180399616",610213,85,yen,2929022.4,Syria,https://flagcdn.com/w320/sy.png
71,Sawyer KNOX,1-815-916-7564,risus.quisque@protonmail.net,"P.O. Box 483, 7533 Urna. Rd.","87.7319677952, 126.657938944",286021,18,euro,187617477.097,Wallis and Futuna,https://flagcdn.com/w320/wf.png
72,Stephen BASS,1-628-552-5668,feugiat@icloud.org,354-9330 Scelerisque Street,"69.3641088, 158.7280991232",923306,53,dollar,605227083.0,Iceland,https://flagcdn.com/w320/is.png
73,Mohammad JAMES,855-8255,sapien@hotmail.edu,Ap #544-5193 Quis St.,"50.8453885952, -30.448165376",209810,45,yen,1007088.0,Hungary,https://flagcdn.com/w320/hu.png
74,Karly CRAIG,1-695-724-7568,lorem@icloud.edu,"9302 Lorem, Avenue","-49.884332544, 147.5579195392",570164,82,euro,374003066.948,British Virgin Islands,https://flagcdn.com/w320/vg.png
75,Wade HALE,1-711-372-2423,ligula.aliquam@protonmail.net,200-6195 Ut Rd.,"-15.4346809344, -11.1848553472",413854,59,yen,1986499.2,Timor-Leste,https://flagcdn.com/w320/tl.png
76,Garrett SKINNER,334-7555,ac.mi.eleifend@yahoo.org,Ap #104-4092 Posuere St.,"-60.5300281344, -5.970847744",438341,65,yen,2104036.8,American Samoa,https://flagcdn.com/w320/as.png
77,Austin WOOD,586-2462,nunc.ullamcorper@protonmail.net,"P.O. Box 134, 7926 Id, Rd.","-63.9137692672, -22.7980388352",397787,66,yen,1909377.5999999999,Niger,https://flagcdn.com/w320/ne.png
78,Francesca LEBLANC,965-6283,ornare.lectus@aol.com,924-5601 Diam St.,"18.7768324096, -178.200304128",580005,40,yen,2784024.0,Greenland,https://flagcdn.com/w320/gl.png
79,Zeus BURTON,1-283-241-8682,donec.tincidunt@icloud.ca,Ap #232-1394 Risus. Av.,"76.8667773952, -10.8824910848",475289,19,yen,2281387.1999999997,Iraq,https://flagcdn.com/w320/iq.png
80,Hope JORDAN,1-951-530-8636,felis@protonmail.couk,"167-7000 Ac, Av.","21.3732156416, -179.6907134976",679074,56,euro,445443343.818,Myanmar,https://flagcdn.com/w320/mm.png
81,Otto SNYDER,765-2674,luctus@google.org,"Ap #859-1390 Dui, Rd.","88.9228758016, 92.5026189312",784247,70,dollar,514073908.5,Eritrea,https://flagcdn.com/w320/er.png
82,Kareem TORRES,1-121-924-3136,id.erat@protonmail.couk,"P.O. Box 685, 1097 Imperdiet, Rd.","-45.6993912832, -16.7545992192",837711,74,dollar,549119560.5,Luxembourg,https://flagcdn.com/w320/lu.png
83,Wayne CARTER,941-2068,ridiculus@hotmail.ca,Ap #179-8659 Nunc Road,"-21.0894550016, 163.5001609216",990246,23,euro,649558795.422,Pitcairn Islands,https://flagcdn.com/w320/pn.png
84,Oscar WILCOX,1-627-388-8930,non.egestas@outlook.ca,355-9396 Mattis. St.,"70.9099126784, 48.8990606336",482954,55,yen,2318179.1999999997,Sudan,https://flagcdn.com/w320/sd.png
85,Renee HEATH,658-6373,in.molestie.tortor@icloud.ca,6808 Facilisis Ave,"-80.5252941824, -11.3487548416",930813,32,dollar,610147921.5,Kosovo,https://flagcdn.com/w320/xk.png
86,Caesar LUNA,486-8450,porta.elit@yahoo.couk,849-769 Venenatis Street,"49.0160768, -107.7070210048",341275,83,euro,223861725.175,Togo,https://flagcdn.com/w320/tg.png
87,Bruce SWEET,698-6030,pharetra.felis@hotmail.org,3273 Semper St.,"82.7541521408, -88.0189620224",652234,70,dollar,427539387.0,Palau,https://flagcdn.com/w320/pw.png
88,Demetria PETTY,563-4336,tempor.erat@aol.edu,8114 Nisi Ave,"34.9457936384, 90.5909953536",760192,88,euro,498653263.744,New Caledonia,https://flagcdn.com/w320/nc.png
89,Vaughan RUIZ,775-8301,augue.malesuada.malesuada@hotmail.net,150-3812 Scelerisque Rd.,"17.150986752, -22.1501044736",846002,53,yen,4060809.5999999996,Israel,https://flagcdn.com/w320/il.png
90,Caldwell BEARD,950-6803,lorem.eu@outlook.ca,315-2028 Velit Street,"-68.4039481344, -149.0835936256",920540,62,dollar,603413970.0,Eritrea,https://flagcdn.com/w320/er.png
91,Quintessa DODSON,617-9631,ridiculus.mus@hotmail.org,Ap #898-6573 Dictum Avenue,"16.3056766976, 98.3763146752",388457,84,euro,254811088.349,India,https://flagcdn.com/w320/in.png
92,Amethyst WOODS,855-6977,quis.pede.suspendisse@protonmail.edu,9156 Netus Rd.,"13.9350576128, -132.1131082752",406622,39,yen,1951785.5999999999,Aruba,https://flagcdn.com/w320/aw.png
93,Herman BARTLETT,1-127-267-4709,nulla@protonmail.edu,Ap #493-8497 Libero Rd.,"17.1864615936, 137.6929531904",725091,19,dollar,475297150.5,Turkmenistan,https://flagcdn.com/w320/tm.png
94,Desirae KENNEDY,557-1106,aenean.gravida.nunc@hotmail.net,498-4411 Habitant Road,"73.202646016, -87.899925504",440951,30,yen,2116564.8,Gibraltar,https://flagcdn.com/w320/gi.png
95,Eaton ENGLAND,381-4814,cum.sociis@hotmail.couk,206-6306 Aliquam Rd.,"67.055085056, -56.3764376576",606210,85,euro,397647692.96999997,Palau,https://flagcdn.com/w320/pw.png
96,Dane HOLCOMB,1-552-623-2629,in.faucibus@hotmail.couk,"6400 Dolor, Street","0.9578267648, 72.2663143424",691372,65,euro,453510303.004,Lebanon,https://flagcdn.com/w320/lb.png
97,Gray BLANCHARD,663-7240,nec.malesuada@outlook.com,Ap #453-2923 Eget Rd.,"-57.8880760832, 28.4197873664",409926,98,yen,1967644.7999999998,Cyprus,https://flagcdn.com/w320/cy.png
98,Neil MCCRAY,912-9463,massa.mauris.vestibulum@outlook.couk,2067 Sit Av.,"39.1742861312, -70.3831630848",510647,97,dollar,334729108.5,Oman,https://flagcdn.com/w320/om.png
99,Jason HENDRIX,1-240-686-1140,mi.felis@outlook.ca,"P.O. Box 104, 9000 Blandit Ave","89.4750170112, 121.4073970688",733779,73,yen,3522139.1999999997,Hungary,https://flagcdn.com/w320/hu.png
100,Joelle KNOWLES,578-5389,vestibulum.lorem@protonmail.net,143-4482 Donec Rd.,"-19.1871220736, -87.1808077824",730849,50,yen,3508075.1999999997,Gambia,https://flagcdn.com/w320/gm.png
101,Gwendolyn HALE,1-815-577-8639,elementum@aol.com,963-842 Mi St.,"-12.1308957696, -74.2331426816",511375,47,dollar,335206312.5,Tokelau,https://flagcdn.com/w320/tk.png
102,Vera HUNT,1-691-366-5450,et@aol.ca,"P.O. Box 414, 1267 Ipsum. Rd.","28.553693184, 115.6561314816",280935,99,euro,184281279.795,Saint Vincent and the Grenadines,https://flagcdn.com/w320/vc.png
103,Mannix LANE,684-5836,mi.fringilla.mi@protonmail.couk,2636 Commodo Street,"70.4144157696, -53.7031272448",271429,41,euro,178045752.553,Wallis and Futuna,https://flagcdn.com/w320/wf.png
104,Hector ROSA,643-5478,lorem@icloud.org,Ap #229-3556 Metus St.,"9.8513289216, -166.8685110272",852963,96,yen,4094222.4,Canada,https://flagcdn.com/w320/ca.png
105,Ishmael MENDEZ,1-367-343-5254,quam.pellentesque.habitant@hotmail.org,"Ap #783-1503 In, Ave","-89.4935660544, -18.0665239552",419198,27,yen,2012150.4,Canada,https://flagcdn.com/w320/ca.png
106,Mallory CASEY,1-432-572-3435,tempor.augue@outlook.net,522-2304 Feugiat Road,"52.3374021632, 64.2033755136",818761,20,euro,537072009.277,Switzerland,https://flagcdn.com/w320/ch.png
107,Madeson CHAMBERS,651-9176,duis.dignissim@hotmail.couk,867-4535 Eget Avenue,"-24.390716416, -102.5730894848",325580,36,yen,1562784.0,Armenia,https://flagcdn.com/w320/am.png
108,Dustin WARNER,475-3414,semper.dui.lectus@outlook.edu,"Ap #514-8405 Enim, St.","-4.2667706368, -165.0972489728",762274,29,yen,3658915.1999999997,Algeria,https://flagcdn.com/w320/dz.png
109,Kamal BRADY,1-617-861-0109,egestas.sed@aol.edu,6217 Rhoncus Ave,"-82.8591340544, 50.6057583616",648723,50,euro,425534392.911,Israel,https://flagcdn.com/w320/il.png
110,Karly O'NEILL,486-2930,elit.pellentesque.a@aol.com,393-8258 Lectus Rd.,"0.6305371136, -4.5672065024",637416,50,euro,418117487.112,Colombia,https://flagcdn.com/w320/co.png
111,Britanni RICHARD,876-8765,molestie.pharetra.nibh@icloud.couk,5104 Dolor Rd.,"-69.1708256256, -132.8401457152",625346,46,dollar,409914303.0,Jamaica,https://flagcdn.com/w320/jm.png
112,Lewis BERRY,1-644-851-4786,nulla.dignissim@google.org,378-1323 Vestibulum Av.,"11.623871488, 131.0396614656",643156,63,dollar,421588758.0,Pakistan,https://flagcdn.com/w320/pk.png
113,Doris ABBOTT,326-7964,laoreet.libero@google.net,Ap #309-5222 Dapibus Av.,"-48.6778778624, -38.7345093632",880177,63,euro,577358264.3889999,Ireland,https://flagcdn.com/w320/ie.png
114,Sarah MCFADDEN,1-727-678-7318,volutpat@outlook.couk,Ap #428-7388 Eu Rd.,"-65.1909722112, -19.1237551104",234113,78,yen,1123742.4,Afghanistan,https://upload.wikimedia.org/wikipedia/commons/thumb/5/5c/Flag_of_the_Taliban.svg/320px-Flag_of_the_Taliban.svg.png
115,Chelsea PARKS,522-8382,nam.ac@outlook.org,6395 Tristique Street,"-59.7335784448, 97.8930593792",288183,95,euro,189035656.131,Senegal,https://flagcdn.com/w320/sn.png
116,Winter JOSEPH,1-389-683-2461,rutrum.non@protonmail.edu,206-7858 Dignissim Rd.,"15.7210165248, 80.9914218496",804359,96,dollar,527257324.5,Barbados,https://flagcdn.com/w320/bb.png
117,Guinevere PUGH,1-320-281-6686,nec.diam.duis@google.edu,Ap #637-3283 Nisi. St.,"-24.2536830976, 136.5222081536",925330,26,dollar,606553815.0,Sweden,https://flagcdn.com/w320/se.png
118,Jamalia MCDANIEL,134-8313,aliquam.adipiscing@google.couk,Ap #125-7390 Convallis Ave,"-54.4567489536, -65.245206016",413745,95,euro,271398928.965,Germany,https://flagcdn.com/w320/de.png
119,Emery DELEON,372-3338,lobortis@outlook.net,Ap #854-1567 Quam Av.,"85.3721723904, -148.249050624",256560,62,yen,1231488.0,Chile,https://flagcdn.com/w320/cl.png
120,Simone MAYS,477-2142,etiam.imperdiet.dictum@protonmail.ca,855-6078 Pellentesque St.,"85.7718534144, 117.5694281728",511165,43,euro,335302259.905,Togo,https://flagcdn.com/w320/tg.png
121,Walter WALLS,792-3663,suspendisse.aliquet@aol.com,Ap #717-1280 Vitae St.,"21.880660992, -20.6021014528",739841,80,yen,3551236.8,Christmas Island,https://flagcdn.com/w320/cx.png
122,Talon LYNCH,1-529-966-6748,neque.vitae@protonmail.net,"P.O. Box 871, 9120 Tincidunt, Street","34.1439064064, 17.1936165888",767402,77,yen,3683529.6,Faroe Islands,https://flagcdn.com/w320/fo.png
123,Graham MOONEY,616-9853,a@hotmail.edu,"P.O. Box 787, 8386 Aliquet Avenue","68.6204952576, 18.3816237056",967905,79,dollar,634461727.5,Angola,https://flagcdn.com/w320/ao.png
124,Camden MCFARLAND,1-236-391-3257,donec.porttitor@icloud.ca,Ap #423-6309 Urna St.,"22.1952999424, 32.9506812928",219732,48,dollar,144034326.0,Slovakia,https://flagcdn.com/w320/sk.png
125,Moses VALDEZ,1-617-371-5057,et@aol.org,"P.O. Box 649, 7332 Luctus Rd.","30.104977408, 99.0038531072",542288,91,euro,355717609.616,Mali,https://flagcdn.com/w320/ml.png
126,Sade HEAD,1-816-258-5562,mauris@hotmail.net,795-6786 Neque Ave,"80.4750814208, 57.559673856",366336,70,euro,240300663.552,Saint Martin,https://flagcdn.com/w320/mf.png
127,Nelle GAINES,671-3543,nec@aol.org,"P.O. Box 408, 1510 Sem, Av.","-64.5333159936, 15.2500115456",222906,77,euro,146216751.042,Tajikistan,https://flagcdn.com/w320/tj.png
128,Blake KINNEY,1-763-317-7295,a.magna.lorem@aol.couk,193-570 Donec St.,"43.0906114048, 107.9308720128",630153,48,dollar,413065291.5,Montserrat,https://flagcdn.com/w320/ms.png
129,Wallace CAMERON,1-341-346-8556,pede@protonmail.edu,7748 Ut St.,"67.9416969216, 39.9457606656",217746,67,yen,1045180.7999999999,Moldova,https://flagcdn.com/w320/md.png
130,Bradley ELLIS,1-861-572-7265,integer@hotmail.com,Ap #815-3489 Et Rd.,"-75.3492506624, 133.6020473856",489615,72,yen,2350152.0,Monaco,https://flagcdn.com/w320/mc.png
131,Darryl BUCKNER,587-1637,non.quam@hotmail.org,"668-3350 Tempor, St.","15.6492812288, 86.1050872832",478259,47,yen,2295643.1999999997,Kosovo,https://flagcdn.com/w320/xk.png
132,Graiden HARTMAN,474-1118,eu.placerat@yahoo.edu,312-7402 Sit Rd.,"-20.4704842752, -117.9996463104",220634,29,euro,144726416.738,Andorra,https://flagcdn.com/w320/ad.png
133,Kareem CABRERA,167-6887,quam.elementum.at@outlook.edu,"P.O. Box 551, 8117 Eu, St.","-2.8871682048, 64.4046440448",942973,46,dollar,618118801.5,United States Virgin Islands,https://flagcdn.com/w320/vi.png
134,Yen HAMPTON,810-8507,orci.luctus.et@protonmail.com,Ap #416-4229 Dictum. Ave,"-39.7550246912, -26.0116970496",803618,68,euro,527138852.426,San Marino,https://flagcdn.com/w320/sm.png
135,Murphy AVILA,974-5581,diam@hotmail.ca,388-402 Suspendisse Av.,"58.1300132864, -47.7571872768",598723,22,euro,392736542.911,Barbados,https://flagcdn.com/w320/bb.png
136,Caesar COTTON,239-3862,tincidunt.orci.quis@google.com,898-6095 Sodales Road,"-6.1398342656, 132.1454839808",450381,25,euro,295430569.617,Israel,https://flagcdn.com/w320/il.png
137,Brianna SMITH,940-5445,augue.ut.lacus@aol.edu,Ap #432-142 Mauris St.,"-79.607949824, -76.4903524352",583578,73,euro,382802074.14599997,Namibia,https://flagcdn.com/w320/na.png
138,Sheila CROSBY,937-3232,interdum.nunc@icloud.net,760-4714 Est Ave,"-49.538973696, -63.3928669184",764549,39,dollar,501161869.5,Venezuela,https://flagcdn.com/w320/ve.png
139,Nathan PARKER,1-804-870-1150,orci@aol.couk,793-4127 Erat St.,"51.8048851968, -77.2564678656",629043,20,dollar,412337686.5,Canada,https://flagcdn.com/w320/ca.png
140,Abbot CLEMONS,566-3836,non.egestas.a@icloud.edu,244-1617 Arcu St.,"-73.3067767808, -109.379177984",456219,22,yen,2189851.1999999997,Bouvet Island,https://flagcdn.com/w320/bv.png
141,Ray ACOSTA,453-5151,mi.lacinia.mattis@yahoo.org,375-3305 Cubilia Avenue,"67.2403187712, -140.5270695936",908874,65,euro,596182262.418,Paraguay,https://flagcdn.com/w320/py.png
142,Darrel HUMPHREY,517-5174,vulputate.posuere@aol.ca,Ap #481-8346 Eget Rd.,"-21.0884364288, -153.054424064",904745,49,euro,593473815.965,Belgium,https://flagcdn.com/w320/be.png
143,Michael STRICKLAND,1-323-917-5735,fames.ac.turpis@google.net,Ap #743-1148 Mattis. Road,"18.3961111552, 102.7677118464",669748,48,euro,439325888.836,Lithuania,https://flagcdn.com/w320/lt.png
144,Dane CHANDLER,1-614-377-2492,vitae@hotmail.com,445-1116 Vestibulum St.,"-60.4402869248, 78.7632760832",627244,68,yen,3010771.1999999997,Belarus,https://flagcdn.com/w320/by.png
145,Blossom FREEMAN,357-0261,tempor.erat.neque@protonmail.ca,845-3811 Maecenas Av.,"72.9740551168, -24.6507799552",260314,68,dollar,170635827.0,Belgium,https://flagcdn.com/w320/be.png
146,John MCDOWELL,1-916-682-7180,sem.ut.dolor@yahoo.org,"662-9774 In, St.","3.5641203712, 72.9948096512",993938,24,dollar,651526359.0,San Marino,https://flagcdn.com/w320/sm.png
147,Daquan BARBER,910-1698,phasellus.at@hotmail.couk,Ap #623-6528 Bibendum. Av.,"10.6436860928, -8.08841472",666855,88,dollar,437123452.5,South Sudan,https://flagcdn.com/w320/ss.png
148,Reuben CONLEY,856-2909,sit.amet@outlook.net,"P.O. Box 167, 4464 Sed St.","20.4414669824, 143.517065216",785019,27,dollar,514579954.5,Philippines,https://flagcdn.com/w320/ph.png
149,Price JOYNER,1-451-267-1442,fringilla.cursus@google.com,8570 Sit Road,"15.8275207168, 66.0634461184",366920,52,yen,1761216.0,South Korea,https://flagcdn.com/w320/kr.png
150,Brody ROLLINS,320-2457,lacus.quisque@icloud.couk,"P.O. Box 470, 364 Lobortis Av.","71.529490432, 108.7908063232",735075,97,dollar,481841662.5,Aruba,https://flagcdn.com/w320/aw.png
151,Camille MCCARTY,1-442-337-5022,torquent.per.conubia@icloud.edu,8759 Sed Street,"-57.4200433664, -40.9289857024",330830,48,yen,1587984.0,Zimbabwe,https://flagcdn.com/w320/zw.png
152,Clinton JACKSON,112-2385,magna.praesent@protonmail.net,Ap #378-4157 Eros Street,"-76.4960352256, 78.7374589952",542990,23,dollar,355929945.0,Belarus,https://flagcdn.com/w320/by.png
153,Fay COOPER,772-6790,cursus.integer@hotmail.net,934-3937 Lacinia St.,"38.0168167424, -104.3005426688",905374,95,euro,593886412.918,Thailand,https://flagcdn.com/w320/th.png
154,Isabella GILL,1-267-718-7268,torquent@protonmail.couk,"P.O. Box 241, 2263 Leo. Avenue","15.8780997632, -52.0910321664",796744,20,dollar,522265692.0,Tanzania,https://flagcdn.com/w320/tz.png
155,Wang SNOW,847-6167,pharetra.sed@icloud.net,Ap #944-6714 Etiam Ave,"64.1776676864, 53.1697143808",204345,21,yen,980856.0,Myanmar,https://flagcdn.com/w320/mm.png
156,Leo OWEN,765-5464,et.euismod@outlook.com,Ap #792-905 Elit. Rd.,"47.444731392, -14.0390653952",787390,85,euro,516493982.23,Western Sahara,https://flagcdn.com/w320/eh.png
157,Harrison SANTIAGO,653-7774,proin.nisl@google.couk,4009 Risus Av.,"-78.8376174592, 163.4586047488",884945,52,euro,580485867.365,Slovakia,https://flagcdn.com/w320/sk.png
158,Natalie MEDINA,576-1430,erat.vel@protonmail.org,785-8188 Nullam St.,"-55.7648464896, -95.8640815104",352770,22,yen,1693296.0,Slovenia,https://flagcdn.com/w320/si.png
159,Oscar CARNEY,1-237-586-4258,rutrum.justo@hotmail.com,Ap #932-469 Fringilla Rd.,"-15.6188381184, -137.1111646208",545058,51,dollar,357285519.0,Brunei,https://flagcdn.com/w320/bn.png
160,Kaitlin HOOPER,354-8446,non.lacinia@yahoo.edu,"P.O. Box 451, 648 Semper, Ave","-1.2733196288, 47.4991686656",997584,93,dollar,653916312.0,Spain,https://flagcdn.com/w320/es.png
161,Kim CONNER,407-1104,elit.elit.fermentum@hotmail.edu,Ap #269-4043 Magna. Street,"-58.517154304, -52.0000146432",678386,47,dollar,444682023.0,Falkland Islands,https://flagcdn.com/w320/fk.png
162,Ronan LOWERY,847-0634,feugiat.sed@outlook.couk,1688 Consequat Rd.,"8.7702222848, -59.5357485056",436589,85,dollar,286184089.5,Anguilla,https://flagcdn.com/w320/ai.png
163,Sasha GRIMES,842-3512,enim.nunc.ut@outlook.net,Ap #510-3823 Massa. Rd.,"82.57300992, 35.5825806336",795135,27,dollar,521210992.5,Saint Pierre and Miquelon,https://flagcdn.com/w320/pm.png
164,Hedwig GAY,1-743-554-5573,eu.augue@protonmail.edu,Ap #317-7878 Nibh Av.,"14.9626058752, 134.5769330688",271028,41,dollar,177658854.0,Spain,https://flagcdn.com/w320/es.png
165,Keaton MATHEWS,671-8670,ornare@yahoo.couk,227-4072 Quisque Av.,"14.1526409216, -134.5521603584",838714,22,dollar,549777027.0,Guinea-Bissau,https://flagcdn.com/w320/gw.png
166,Madeson BRYAN,1-768-187-8511,sit.amet@yahoo.ca,Ap #327-7164 Et Street,"68.5941124096, -115.2876976128",688437,85,dollar,451270453.5,Serbia,https://flagcdn.com/w320/rs.png
167,Hamish SALAZAR,1-818-957-4247,pulvinar.arcu.et@yahoo.ca,889-5324 Luctus Rd.,"44.621410304, -88.661606912",409607,80,dollar,268497388.5,Papua New Guinea,https://flagcdn.com/w320/pg.png
168,Kyla SANFORD,527-6143,magna.sed.dui@outlook.org,Ap #105-5917 Nunc Ave,"46.532447744, -27.3130446848",833125,99,euro,546494175.625,Thailand,https://flagcdn.com/w320/th.png
169,Heather SOSA,1-883-285-5266,ut.semper.pretium@aol.edu,Ap #342-5285 Suspendisse Rd.,"1.2728945664, -112.1118794752",929102,40,dollar,609026361.0,Czechia,https://flagcdn.com/w320/cz.png
170,Anthony SNIDER,481-4352,adipiscing@google.edu,379-4724 Tellus Av.,"63.0214278144, -161.735448576",538607,28,dollar,353056888.5,Italy,https://flagcdn.com/w320/it.png
171,Daniel WOODWARD,398-7195,nulla@outlook.net,917-347 Enim. Road,"-15.1985389568, 146.2406232064",857039,27,dollar,561789064.5,Tokelau,https://flagcdn.com/w320/tk.png
172,Drake MARSHALL,422-6457,egestas.ligula@aol.ca,560-428 Dolor Rd.,"-87.449936896, -53.9978996736",454091,36,dollar,297656650.5,Western Sahara,https://flagcdn.com/w320/eh.png
173,Maia RANDALL,675-6631,ipsum@protonmail.ca,484-8539 Sodales. Road,"20.8532476928, 149.9520999424",256456,26,euro,168224108.392,Tajikistan,https://flagcdn.com/w320/tj.png
174,Graiden FULLER,135-1125,ligula.aenean@icloud.ca,"Ap #425-7790 Eu, Ave","57.4909111296, 95.6569718784",235604,33,yen,1130899.2,Egypt,https://flagcdn.com/w320/eg.png
175,Winifred WHITEHEAD,1-258-341-0778,libero@google.net,Ap #337-2561 Feugiat Rd.,"-52.1420118016, -24.1524286464",661157,31,euro,433690562.249,Bolivia,https://flagcdn.com/w320/bo.png
176,Jonah WATERS,324-4651,aliquam@aol.org,483-5882 Nulla Avenue,"-88.8488097792, -132.7082215424",862209,78,euro,565572029.013,Sudan,https://flagcdn.com/w320/sd.png
177,Lois FINLEY,1-690-787-9952,at.nisi.cum@hotmail.ca,Ap #146-6755 Fringilla Road,"-50.7247976448, -22.2520608768",919794,48,dollar,602924967.0,Åland Islands,https://flagcdn.com/w320/ax.png
178,Hayden ODOM,1-213-473-8764,nec@yahoo.edu,8601 Cursus Road,"45.9477966848, 30.7223714816",693327,48,dollar,454475848.5,Malaysia,https://flagcdn.com/w320/my.png
179,Leo SHARPE,1-846-350-7670,phasellus.libero.mauris@hotmail.net,Ap #979-119 Dapibus St.,"-74.7674935296, 80.8306313216",797360,71,euro,523033873.52,Romania,https://flagcdn.com/w320/ro.png
180,Emma BULLOCK,797-3104,enim.nunc.ut@protonmail.couk,"Ap #763-9056 A, Av.","60.8096797696, 62.5684159488",893239,97,dollar,585518164.5,Panama,https://flagcdn.com/w320/pa.png
181,Chaim CASTILLO,1-838-704-9869,sem.pellentesque@icloud.couk,Ap #316-1398 Nulla Av.,"22.5832740864, 157.6906293248",360773,56,dollar,236486701.5,Suriname,https://flagcdn.com/w320/sr.png
182,Hadassah PORTER,1-316-982-1629,nec.malesuada@protonmail.ca,Ap #421-1062 Aenean Av.,"20.5408244736, -144.5239683072",575336,21,euro,377395676.552,Thailand,https://flagcdn.com/w320/th.png
183,Aaron FORBES,1-861-672-4261,iaculis@outlook.couk,"381-8639 Ac, Rd.","83.9711762432, -102.9096288256",882079,91,euro,578605894.603,Wallis and Futuna,https://flagcdn.com/w320/wf.png
184,Erica STARK,230-5367,arcu.nunc.mauris@hotmail.org,998-717 Felis. Rd.,"88.0488160256, 17.8687596544",619277,97,yen,2972529.6,United States Minor Outlying Islands,https://flagcdn.com/w320/um.png
185,Kenyon FISHER,1-296-483-4565,mauris@aol.ca,899-9753 Mauris Rd.,"-79.2724837376, -21.2245151744",927510,31,yen,4452048.0,Montenegro,https://flagcdn.com/w320/me.png
186,Ulysses DALE,615-4884,massa.lobortis.ultrices@hotmail.com,457-3833 Mi St.,"-63.2732602368, 176.5961981952",253169,57,dollar,165952279.5,Saint Kitts and Nevis,https://flagcdn.com/w320/kn.png
187,Gemma BARNETT,1-220-372-5867,vel.sapien@aol.couk,617 Diam St.,"65.8571367424, 151.8948182016",225103,21,euro,147657888.571,Bouvet Island,https://flagcdn.com/w320/bv.png
188,Neil RUIZ,1-128-897-6379,neque@hotmail.ca,Ap #715-5643 Mauris St.,"-81.7733597184, -22.0272191488",830636,90,yen,3987052.8,Faroe Islands,https://flagcdn.com/w320/fo.png
189,Summer LEE,1-463-427-0828,turpis.in@google.ca,"P.O. Box 719, 749 Et Av.","14.1280089088, 6.4404077568",262540,89,dollar,172094970.0,Georgia,https://flagcdn.com/w320/ge.png
190,Elton SWEET,1-618-861-5866,vivamus@google.couk,Ap #303-5611 Lorem Av.,"64.5953777664, 28.372441088",940213,79,yen,4513022.399999999,Kosovo,https://flagcdn.com/w320/xk.png
191,Quyn FARMER,843-4629,metus.sit.amet@google.couk,335-9705 Interdum. Avenue,"-22.7630482432, 146.7843878912",618160,32,dollar,405203880.0,Palestine,https://flagcdn.com/w320/ps.png
192,Selma WEBER,1-380-425-7892,consequat@yahoo.couk,Ap #626-3952 Imperdiet St.,"28.0450917376, 37.8309107712",406273,23,yen,1950110.4,El Salvador,https://flagcdn.com/w320/sv.png
193,Elmo BRAY,1-532-300-7665,id.blandit@icloud.net,293-9689 Mi Road,"40.0317447168, 75.0220123136",220168,54,yen,1056806.4,Palau,https://flagcdn.com/w320/pw.png
194,Jameson WITT,1-755-138-3113,enim.nec@protonmail.net,Ap #416-5809 Orci Street,"-62.3079049216, 74.8949641216",888225,65,yen,4263480.0,Nauru,https://flagcdn.com/w320/nr.png
195,Rajah UNDERWOOD,578-8929,ipsum.primis.in@yahoo.com,536-6098 Magna Av.,"83.5365069824, 157.2324087808",371559,64,yen,1783483.2,Albania,https://flagcdn.com/w320/al.png
196,Kenneth HINES,526-8754,nec.mauris.blandit@yahoo.net,Ap #746-5625 Nam Road,"38.2779483136, 87.7454383104",361763,25,euro,237300972.19099998,Brazil,https://flagcdn.com/w320/br.png
197,Meredith FRANKLIN,1-227-488-4226,iaculis.aliquet.diam@outlook.org,619-1987 Consequat Avenue,"-21.9393666048, 153.7112704",903746,86,dollar,592405503.0,Bulgaria,https://flagcdn.com/w320/bg.png
198,Ivor HURST,1-791-181-3896,phasellus@google.couk,Ap #210-8832 Gravida Road,"0.9159218176, -132.0254815232",987417,77,euro,647703093.069,Puerto Rico,https://flagcdn.com/w320/pr.png
199,Marvin DRAKE,1-423-428-7546,turpis.nec@protonmail.edu,"P.O. Box 518, 765 Curabitur Rd.","-54.1958663168, 71.8002737152",974118,20,euro,638979520.926,Jamaica,https://flagcdn.com/w320/jm.png
200,Odessa BARNES,410-7213,id.sapien@google.ca,"P.O. Box 534, 6603 Accumsan Rd.","-69.168648192, 77.9364601856",632830.0,69,yen,3037584.0,Zimbabwe,https://flagcdn.com/w320/zw.png
201,Jonas HILL,995-7785,curae.donec@google.com,Ap #909-1330 Dui St.,"-6.1707573248, 65.226191872",734828.0,78,euro,482015570.39599997,South Sudan,https://flagcdn.com/w320/ss.png
202,Cathleen SCHWARTZ,552-6778,tristique.ac.eleifend@google.com,754-1722 Non Road,"22.3609387008, 24.4398005248",841031.0,90,dollar,551295820.5,Venezuela,https://flagcdn.com/w320/ve.png
203,Keith POTTS,617-6628,erat.in@google.net,"P.O. Box 701, 8664 Ultricies Road","62.7859821568, -126.4935595008",737018.0,76,dollar,483115299.0,Germany,https://flagcdn.com/w320/de.png
204,Alec HEBERT,275-7751,scelerisque.scelerisque.dui@yahoo.com,6287 Neque. St.,"75.67597568, -139.9544983552",511088.0,94,dollar,335018184.0,Saint Vincent and the Grenadines,https://flagcdn.com/w320/vc.png
205,Sierra MERRILL,1-961-684-2527,natoque@yahoo.org,119-1771 In St.,"20.2652996608, 79.8628043776",953098.0,94,dollar,624755739.0,Togo,https://flagcdn.com/w320/tg.png
206,Guy MARKS,1-773-627-3889,velit.pellentesque@hotmail.ca,"P.O. Box 915, 5035 Nisi. Ave","-33.6187122688, -153.2964429824",728934.0,86,yen,3498883.1999999997,Serbia,https://flagcdn.com/w320/rs.png
207,Sharon EVANS,646-7934,dictum@hotmail.net,968-369 Bibendum Rd.,"-39.782373376, -124.7515390976",318103.0,28,dollar,208516516.5,Costa Rica,https://flagcdn.com/w320/cr.png
208,Madaline WARD,1-823-409-2804,enim.nunc@google.couk,1589 Cum Avenue,"51.1587093504, 36.4299972608",240148.0,78,yen,1152710.4,Kyrgyzstan,https://flagcdn.com/w320/kg.png
209,Avye SUTTON,626-7242,enim.nisl.elementum@outlook.net,Ap #389-9418 Maecenas Ave,"-14.8722430976, 59.2988926976",512573.0,37,euro,336225847.361,Sweden,https://flagcdn.com/w320/se.png
210,Cara MERCER,448-1790,fermentum.risus@google.org,194-1944 Penatibus Ave,"27.2668089344, -2.9302836224",750933.0,50,euro,492579757.881,Kosovo,https://flagcdn.com/w320/xk.png
211,Astra WAGNER,238-0579,elit@outlook.net,"P.O. Box 763, 790 Amet Street","-23.0676086784, -112.7653433344",545580.0,62,yen,2618784.0,Nicaragua,https://flagcdn.com/w320/ni.png
212,Mohammad JIMENEZ,706-5297,dui.augue@protonmail.org,958-2940 Aliquam St.,"-66.4811185152, 108.3236402176",371906.0,35,dollar,243784383.0,Cayman Islands,https://flagcdn.com/w320/ky.png
213,Elizabeth GONZALES,858-8109,ligula.aenean@yahoo.ca,861-7594 Suspendisse St.,"-20.5888390144, -101.4240820224",776128.0,94,yen,3725414.4,Luxembourg,https://flagcdn.com/w320/lu.png
214,Maia O'NEILL,1-619-884-9284,aliquam@protonmail.ca,744-6182 Convallis Av.,"32.4124570624, -176.0796572672",694292.0,49,dollar,455108406.0,Norfolk Island,https://flagcdn.com/w320/nf.png
215,Marshall SUMMERS,1-858-634-3258,dui.suspendisse@protonmail.org,612-3238 In Av.,"-89.6073101312, 157.527248896",968998.0,64,euro,635621021.086,Guatemala,https://flagcdn.com/w320/gt.png
216,Mia ROMAN,878-0846,praesent@yahoo.couk,"4922 In, Avenue","45.6570594304, -84.9288031232",547448.0,23,dollar,358852164.0,Norfolk Island,https://flagcdn.com/w320/nf.png
217,Chaney LANDRY,1-575-557-6254,in.tempus.eu@hotmail.edu,Ap #129-3308 Arcu Road,"27.3032172544, -28.453879296",977348.0,56,yen,4691270.399999999,Guinea,https://flagcdn.com/w320/gn.png
218,Kyle HALE,594-3526,eu.eleifend@aol.net,"893-5168 Id, St.","10.0678381568, -58.1312498688",918939.0,69,dollar,602364514.5,Maldives,https://flagcdn.com/w320/mv.png
219,Chaim PITTS,1-673-478-4405,ipsum.curabitur@google.couk,"579-5202 Laoreet, St.","76.350693376, -144.0630066176",271099.0,80,dollar,177705394.5,Martinique,https://flagcdn.com/w320/mq.png
220,Aurelia SHEPARD,565-8048,odio.vel@aol.edu,7025 Lectus Avenue,"54.0602923008, -30.4602921984",988107.0,49,euro,648155703.399,São Tomé and Príncipe,https://flagcdn.com/w320/st.png
221,Erica RIVAS,231-8771,nibh@yahoo.couk,Ap #798-8671 Gravida Avenue,"-24.4157842432, -30.4151617536",298722.0,55,yen,1433865.5999999999,French Guiana,https://flagcdn.com/w320/gf.png
222,Shaeleigh SOSA,469-6245,porttitor@google.org,212-1537 Risus Avenue,"-33.391605248, -73.4059907072",529384.0,85,dollar,347011212.0,Christmas Island,https://flagcdn.com/w320/cx.png
223,Georgia LESTER,1-577-789-5249,eget.mollis@outlook.net,"P.O. Box 186, 3051 Et, Street","36.46277888, -95.8725028864",654575.0,27,euro,429373053.275,Bulgaria,https://flagcdn.com/w320/bg.png
224,Steel LONG,1-735-425-6375,elit.nulla@yahoo.com,462-1035 Integer Avenue,"-83.110703104, -127.6686820352",766705.0,90,euro,502925511.685,Guyana,https://flagcdn.com/w320/gy.png
225,Tyrone TERRELL,677-2215,eu@icloud.org,"P.O. Box 237, 3562 Fringilla Street","1.7129376768, -14.8382454784",966637.0,20,yen,4639857.6,New Caledonia,https://flagcdn.com/w320/nc.png
226,Boris WITT,458-5886,curae@aol.com,"470-9024 Eu, Avenue","46.8107316224, -95.7211498496",859389.0,72,yen,4125067.1999999997,Northern Mariana Islands,https://flagcdn.com/w320/mp.png
227,Phelan KING,167-1599,sed.molestie@protonmail.org,Ap #361-445 Faucibus Ave,"6.6537545728, 109.1159318528",330313.0,78,dollar,216520171.5,Cayman Islands,https://flagcdn.com/w320/ky.png
228,Emmanuel ROBERTSON,1-944-222-8912,ligula.nullam@outlook.edu,6393 Sit Av.,"-27.976295936, 178.2585133056",947951.0,93,euro,621815094.107,Botswana,https://flagcdn.com/w320/bw.png
229,Daphne KIRKLAND,1-333-498-2635,nulla.ante@yahoo.ca,Ap #860-8181 Nunc St.,"82.1383020544, 108.8495255552",353529.0,35,euro,231899822.253,Kenya,https://flagcdn.com/w320/ke.png
230,Tatum MCKAY,603-1271,duis.dignissim@yahoo.net,416-1054 Facilisis Avenue,"-33.2114464768, 97.2013812736",334653.0,54,euro,219517977.921,Brazil,https://flagcdn.com/w320/br.png
231,Callie CURTIS,588-8111,nec.tempus.mauris@outlook.couk,"P.O. Box 197, 3589 Aenean Avenue","30.9480620032, 100.5542856704",264425.0,57,euro,173451429.725,Haiti,https://flagcdn.com/w320/ht.png
232,Colin VEGA,747-5557,sit.amet@aol.net,"P.O. Box 447, 3819 Pellentesque St.","3.5213925376, -53.8667959296",969714.0,58,dollar,635647527.0,Seychelles,https://flagcdn.com/w320/sc.png
233,Guinevere BYRD,1-614-820-4145,eu.accumsan.sed@google.edu,Ap #222-3447 Ac Street,"81.4764802048, 168.7948603392",408271.0,94,euro,267808220.347,Chad,https://flagcdn.com/w320/td.png
234,Akeem HOOPER,715-9455,phasellus.elit.pede@aol.org,"Ap #461-5007 Non, St.","-87.1318803456, 137.2657634304",816935.0,99,euro,535874231.795,Saint Lucia,https://flagcdn.com/w320/lc.png
235,Kellie MEADOWS,1-922-385-7767,purus.in@icloud.couk,4218 Fringilla St.,"54.4629870592, -6.1638303744",415927.0,78,dollar,272640148.5,Latvia,https://flagcdn.com/w320/lv.png
236,Dora MILLER,577-1048,tempor.bibendum.donec@icloud.ca,3901 Nisl. Av.,"-42.335880704, 62.2245274624",954798.0,94,euro,626306431.686,Panama,https://flagcdn.com/w320/pa.png
237,Asher PORTER,712-5874,felis@aol.ca,657 Aliquet Av.,"-55.3823404032, 167.8180252672",842505.0,41,dollar,552262027.5,Canada,https://flagcdn.com/w320/ca.png
238,Yeo BRADY,1-371-465-5728,proin.non.massa@outlook.ca,"454-3509 In, Road","74.5678819328, -39.4932534272",747452.0,79,euro,490296371.564,Hungary,https://flagcdn.com/w320/hu.png
239,Melvin GREENE,1-606-251-0424,gravida.nunc.sed@yahoo.edu,443-8384 Ut Rd.,"13.1287072768, -66.6221394944",506916.0,51,euro,332515098.612,Sudan,https://flagcdn.com/w320/sd.png
240,Thane CHANG,1-608-340-2272,dignissim.maecenas@google.edu,Ap #539-1463 Convallis Rd.,"30.4813187072, 39.1743439872",769770.0,47,euro,504936019.89,Moldova,https://flagcdn.com/w320/md.png
241,Naida WATTS,238-1481,varius.nam@outlook.edu,Ap #528-9138 Nulla St.,"-52.7533217792, -75.3293940736",472132.0,90,euro,309698290.324,Cameroon,https://flagcdn.com/w320/cm.png
242,Yoko VEGA,1-557-484-0966,convallis.erat.eget@hotmail.ca,"P.O. Box 247, 3332 Semper Street","-72.0107159552, 11.9669376",906109.0,86,euro,594368541.313,Monaco,https://flagcdn.com/w320/mc.png
243,Victor HERNANDEZ,1-833-664-6242,etiam.gravida.molestie@protonmail.com,Ap #588-749 Velit Rd.,"68.87830016, -159.2761199616",834170.0,76,dollar,546798435.0,Palau,https://flagcdn.com/w320/pw.png
244,Regina DUDLEY,788-7767,mauris.morbi@icloud.couk,Ap #283-3579 Blandit. Road,"43.3564780544, -16.8670272512",804106.0,92,euro,527458959.442,Australia,https://flagcdn.com/w320/au.png
245,Travis SELLERS,214-7828,eu.neque@hotmail.com,5604 Urna Road,"69.6260511744, -3.7094772736",873063.0,51,yen,4190702.4,Andorra,https://flagcdn.com/w320/ad.png
246,Ross FITZGERALD,1-223-559-4155,non.arcu.vivamus@yahoo.edu,403-7404 Duis Av.,"69.19623936, 78.4718296064",741210.0,87,dollar,485863155.0,Argentina,https://flagcdn.com/w320/ar.png
247,Craig WOLF,519-7523,enim.mi@google.couk,"816-5237 Eu, Avenue","-53.7998471168, 153.5352836096",802770.0,51,euro,526582600.89,Sweden,https://flagcdn.com/w320/se.png
248,Amal OLSEN,1-106-419-5566,sit.amet.risus@protonmail.net,"3363 Placerat, Av.","-15.5483425792, -138.8734273536",687327.0,79,dollar,450542848.5,Slovakia,https://flagcdn.com/w320/sk.png
249,Deanna STOUT,1-670-559-3695,diam.pellentesque@outlook.com,625-2580 Vestibulum Avenue,"-32.0379534336, -58.3461956608",890812.0,62,yen,4275897.6,Brazil,https://flagcdn.com/w320/br.png
250,Kermit WYATT,1-619-567-6370,odio.a.purus@yahoo.couk,862-457 Ac Ave,"13.2619483136, -52.4533387264",311542.0,32,yen,1495401.5999999999,Saint Lucia,https://flagcdn.com/w320/lc.png
251,Zane WITT,494-7209,est.ac.mattis@hotmail.edu,Ap #614-6674 Vivamus Ave,"57.5236866048, 21.3044221952",805141.0,94,yen,3864676.8,Jamaica,https://flagcdn.com/w320/jm.png
252,Hayes DRAKE,239-1551,ligula@google.edu,694-7927 Ultricies Av.,"14.655478272, -4.4001787904",374244.0,51,yen,1796371.2,Guam,https://flagcdn.com/w320/gu.png
253,Autumn KENNEDY,1-882-177-4353,etiam.gravida.molestie@hotmail.com,"8990 Vulputate, Av.","53.3763915776, 176.0033922048",351860.0,93,yen,1688928.0,South Africa,https://flagcdn.com/w320/za.png
254,Tobias HOPKINS,627-2295,diam@aol.org,9222 Aliquam Ave,"-58.439753216, 159.8834378752",799076.0,27,dollar,523794318.0,Tajikistan,https://flagcdn.com/w320/tj.png
255,Arden FRANCIS,219-1537,natoque@aol.org,"101-9867 Non, Avenue","-71.4272093184, 58.6335722496",544574.0,23,euro,357217127.318,Puerto Rico,https://flagcdn.com/w320/pr.png
256,Gretchen WILLIAMSON,526-4128,amet.diam@yahoo.ca,Ap #929-2314 Rutrum. Ave,"-49.0750149632, -91.0452600832",626283.0,76,euro,410814717.831,Cyprus,https://flagcdn.com/w320/cy.png
257,Mannix HEWITT,1-584-162-5619,justo.praesent@yahoo.edu,3250 Elit Avenue,"10.9915968512, 4.3434706944",681514.0,90,dollar,446732427.0,Croatia,https://flagcdn.com/w320/hr.png
258,Amaya MCBRIDE,1-678-537-5896,ut.nec@hotmail.net,510-6035 In Road,"-65.6317410304, 54.796716032",332629.0,44,dollar,218038309.5,Albania,https://flagcdn.com/w320/al.png
259,Ivory LOGAN,1-988-663-2059,interdum.feugiat.sed@aol.org,5859 Lobortis. Av.,"72.7575027712, 79.8527086592",307157.0,100,yen,1474353.5999999999,Monaco,https://flagcdn.com/w320/mc.png
260,Quon GATES,899-6634,ligula.aenean@icloud.couk,"P.O. Box 313, 2641 Sit Rd.","-45.8488787968, -68.4993358848",436384.0,23,euro,286249139.488,Vietnam,https://flagcdn.com/w320/vn.png
261,Quinn BOYER,505-2888,diam.at.pretium@protonmail.ca,602-8282 Ullamcorper. Av.,"-63.382415872, 96.4124828672",946289.0,89,yen,4542187.2,South Sudan,https://flagcdn.com/w320/ss.png
262,Ezra SHEPHERD,1-816-335-7161,curabitur@google.org,Ap #238-9302 Magna. Rd.,"-78.7292945408, -100.5912955904",366868.0,74,dollar,240481974.0,Russia,https://flagcdn.com/w320/ru.png
263,Channing RICHARDSON,524-2104,sed.eget@hotmail.net,Ap #577-6786 Non Rd.,"51.6867659776, 21.3770554368",883913.0,74,dollar,579404971.5,Anguilla,https://flagcdn.com/w320/ai.png
264,Gary BURT,364-2334,nisi@aol.edu,3358 Risus. Rd.,"-13.4825944064, -26.955542016",408403.0,72,yen,1960334.4,Ethiopia,https://flagcdn.com/w320/et.png
265,Avram SMITH,689-4118,parturient.montes@protonmail.edu,"198-5988 Posuere, Avenue","-26.1447281664, 157.02449152",701509.0,56,euro,460159739.113,Netherlands,https://flagcdn.com/w320/nl.png
266,Tyler FOLEY,705-9551,massa@outlook.edu,133-4352 Dis St.,"-21.2562955264, 132.8980629504",947406.0,22,dollar,621024633.0,Pakistan,https://flagcdn.com/w320/pk.png
267,Chase KEITH,1-381-227-8590,amet.nulla.donec@aol.couk,478-1732 At St.,"-50.286815744, -161.7857444864",780048.0,81,euro,511677945.936,Trinidad and Tobago,https://flagcdn.com/w320/tt.png
268,Ulric FRENCH,437-1521,feugiat.nec@google.couk,4303 Magna. Av.,"-33.7662116864, 35.8563217408",566998.0,73,euro,371926307.086,Spain,https://flagcdn.com/w320/es.png
269,Isabelle MULLEN,516-3646,aliquet.nec@icloud.net,"Ap #689-189 At, St.","34.4807496704, -125.2786420736",341333.0,22,euro,223899770.681,Ecuador,https://flagcdn.com/w320/ec.png
270,Richard SLATER,1-223-361-7375,interdum.enim.non@outlook.com,902-6698 Orci Rd.,"-87.4851698688, 65.1301521408",727001.0,72,yen,3489604.8,Sierra Leone,https://flagcdn.com/w320/sl.png
271,Christine SIMON,215-3640,nisi.mauris@protonmail.org,868-3802 Consectetuer Street,"-27.1514877952, 23.194902528",308067.0,20,euro,202078705.119,Christmas Island,https://flagcdn.com/w320/cx.png
272,Ivana SCHULTZ,470-6122,velit.justo@yahoo.net,934-2286 Nisi. Rd.,"69.9391830016, 65.3740109824",384443.0,28,euro,252178076.951,Zimbabwe,https://flagcdn.com/w320/zw.png
273,Yetta MCLEAN,428-6593,sed.pede@outlook.net,"P.O. Box 828, 5228 Nunc St.","-58.6359133184, -131.3344018432",312463.0,71,dollar,204819496.5,Czechia,https://flagcdn.com/w320/cz.png
274,Hasad BAKER,627-1870,sem@icloud.org,4703 Consequat St.,"11.624041984, 35.1121830912",935678.0,68,euro,613764533.846,Gambia,https://flagcdn.com/w320/gm.png
275,Ezra NOEL,685-7843,aliquam.tincidunt.nunc@yahoo.ca,955-1170 Ut Rd.,"-12.827838464, -154.8789069824",512227.0,80,euro,335998886.239,Saint Martin,https://flagcdn.com/w320/mf.png
276,Chandler KERR,1-588-493-2220,quisque.ac@outlook.edu,"799-6964 At, Avenue","22.6670234624, 7.1449416704",433535.0,18,yen,2080968.0,Panama,https://flagcdn.com/w320/pa.png
277,Colin LOGAN,1-420-335-4670,dolor.elit.pellentesque@protonmail.edu,588-398 Erat Road,"-76.7252279296, 62.3092274176",688572.0,91,yen,3305145.6,South Korea,https://flagcdn.com/w320/kr.png
278,Haviva TANNER,291-4579,vulputate@google.couk,Ap #297-9762 Sed Rd.,"-77.875177472, -170.4816884736",256234.0,67,euro,168078485.938,Maldives,https://flagcdn.com/w320/mv.png
279,Iliana CLAYTON,261-7225,ultricies.ornare@icloud.edu,6494 Et St.,"-69.5370402816, 172.4866767872",243679.0,51,euro,159842945.803,Greece,https://flagcdn.com/w320/gr.png
280,Walter COLLIER,1-137-857-8800,pellentesque.tincidunt.tempus@google.edu,4000 Sed Avenue,"-6.9518229504, 21.8610768896",724089.0,100,yen,3475627.1999999997,Philippines,https://flagcdn.com/w320/ph.png
281,Mikayla INGRAM,1-583-333-8164,vivamus.molestie@hotmail.edu,8366 Gravida Avenue,"-13.4261387264, 46.4725224448",793308.0,45,euro,520375935.756,France,https://flagcdn.com/w320/fr.png
282,Declan SALAZAR,876-8555,sed.dui@outlook.com,Ap #398-8809 Urna. St.,"-1.9454450688, 148.6248583168",305848.0,43,euro,200623136.53599998,Guinea,https://flagcdn.com/w320/gn.png
283,Erica O'BRIEN,1-446-567-4148,non.massa@yahoo.ca,Ap #833-9037 Accumsan St.,"-84.6055932928, 98.4499950592",614313.0,82,euro,402962912.541,Nicaragua,https://flagcdn.com/w320/ni.png
284,Uta OCHOA,433-8497,ac@icloud.com,5053 Vestibulum. Avenue,"-33.3686849536, 93.9955185664",941670.0,86,yen,4520016.0,Ivory Coast,https://flagcdn.com/w320/ci.png
285,Quamar DALE,1-855-351-8266,arcu.ac@google.net,2072 Vestibulum. Rd.,"18.9828521984, -62.30363648",527349.0,99,dollar,345677269.5,Jersey,https://flagcdn.com/w320/je.png
286,Deacon TERRY,1-835-756-5945,inceptos@aol.edu,Ap #673-806 Arcu Road,"25.1070732288, 80.484650496",427990.0,63,yen,2054352.0,Svalbard and Jan Mayen,https://flagcdn.com/w320/sj.png
287,Leonard YORK,967-4466,dolor.quisque.tincidunt@outlook.org,Ap #381-3315 Consectetuer Road,"66.1607573504, 62.7598626816",661768.0,72,dollar,433788924.0,Nauru,https://flagcdn.com/w320/nr.png
288,Alfreda SAVAGE,1-153-868-9584,diam.pellentesque.habitant@google.com,Ap #589-4694 Commodo Av.,"-13.1714245632, 34.9346930688",442875.0,57,yen,2125800.0,Samoa,https://flagcdn.com/w320/ws.png
289,Isabella BAUER,976-6098,sit.amet@yahoo.edu,"P.O. Box 992, 1732 Arcu Ave","-8.619406848, -172.220695552",808065.0,89,dollar,529686607.5,Faroe Islands,https://flagcdn.com/w320/fo.png
290,Amery FIELDS,672-6841,mauris.rhoncus@outlook.org,Ap #237-6296 Convallis Av.,"-23.4952034304, -85.9002928128",654996.0,22,euro,429649211.172,United Kingdom,https://flagcdn.com/w320/gb.png
291,Quinlan BROCK,626-4573,eget.tincidunt.dui@google.org,Ap #547-3469 Elit. Street,"-71.3557284864, -47.71808512",939977.0,87,yen,4511889.6,Estonia,https://flagcdn.com/w320/ee.png
292,Colt SALINAS,888-7932,dui.lectus@protonmail.edu,Ap #537-9705 Vestibulum Ave,"51.796300288, -104.6045794304",970231.0,90,euro,636429816.067,Seychelles,https://flagcdn.com/w320/sc.png
293,Larissa NEAL,312-7854,sed.eu.eros@icloud.net,Ap #903-2064 Aliquam Ave,"32.7899692032, 130.450341888",947808.0,59,yen,4549478.399999999,Puerto Rico,https://flagcdn.com/w320/pr.png
294,Derek HERRING,1-869-587-5075,ornare@icloud.org,"P.O. Box 713, 1478 Dis Road","-9.1145967616, 130.3926709248",477864.0,99,dollar,313239852.0,Tanzania,https://flagcdn.com/w320/tz.png
295,Flynn WHITNEY,326-3237,pede.nunc.sed@yahoo.ca,Ap #363-4326 Penatibus Rd.,"-45.4315660288, -18.8298125312",609321.0,51,yen,2924740.8,Cyprus,https://flagcdn.com/w320/cy.png
296,Davis MATTHEWS,852-5121,scelerisque.dui@outlook.ca,Ap #735-6315 Ut Ave,"-25.6224730112, -146.1203308544",684596.0,85,dollar,448752678.0,Cayman Islands,https://flagcdn.com/w320/ky.png
297,Lucas WHITAKER,1-713-428-6238,proin.dolor.nulla@yahoo.com,Ap #353-4840 Nulla Road,"-1.0692950016, 117.0894401536",743408.0,85,dollar,487303944.0,Tonga,https://flagcdn.com/w320/to.png
298,Alma POLLARD,1-544-603-4815,dictum.mi.ac@protonmail.ca,Ap #723-5304 Euismod Ave,"-86.754748928, 109.1596886016",232427.0,50,dollar,152355898.5,United Kingdom,https://flagcdn.com/w320/gb.png
299,Mason HOUSTON,822-9877,diam.eu@aol.org,345-1241 Etiam Ave,"34.9782472704, -66.1460992",660626.0,61,yen,3171004.8,Turkmenistan,https://flagcdn.com/w320/tm.png
300,Kane VALENZUELA,1-893-344-6560,hendrerit.id@google.edu,"P.O. Box 762, 5868 Sed Ave","25.6595621888, 50.7568923648",894473.0,33,dollar,586327051.5,Åland Islands,https://flagcdn.com/w320/ax.png
301,Keefe INGRAM,1-264-722-9033,ut.sem@hotmail.couk,"P.O. Box 811, 2920 Ac Avenue","-27.5559994368, 27.5180239872",554949.0,83,euro,364022681.193,Uganda,https://flagcdn.com/w320/ug.png
302,Jeanette WYNN,1-762-844-2816,venenatis.lacus.etiam@yahoo.couk,Ap #122-175 Lorem Av.,"27.1908709376, 124.2681567232",277551.0,61,dollar,181934680.5,Venezuela,https://flagcdn.com/w320/ve.png
303,Orla ROSARIO,1-476-548-4228,ligula.eu@icloud.edu,Ap #677-137 Sed Avenue,"80.0253487104, 50.84831232",965618.0,25,yen,4634966.399999999,Mongolia,https://flagcdn.com/w320/mn.png
304,Rosalyn WILLIS,1-624-581-0400,sapien.cursus.in@google.com,894-363 Ullamcorper St.,"-2.9592451072, -38.2922144768",301380.0,46,euro,197692320.66,French Southern and Antarctic Lands,https://flagcdn.com/w320/tf.png
305,Robert SANDOVAL,1-718-843-8568,gravida.sit.amet@protonmail.ca,Ap #452-2829 Semper Av.,"22.6545113088, -134.6283577344",542305.0,87,euro,355728760.885,Dominican Republic,https://flagcdn.com/w320/do.png
306,Stuart HORNE,1-774-521-7432,sodales@protonmail.com,"P.O. Box 985, 8066 Feugiat Rd.","51.4027395072, 114.747915264",359497.0,80,euro,235814573.629,Ecuador,https://flagcdn.com/w320/ec.png
307,Ina MCINTOSH,1-367-874-0015,ornare.elit.elit@yahoo.ca,911-3985 Proin Rd.,"47.7872841728, -112.98192896",900034.0,49,euro,590383602.538,Svalbard and Jan Mayen,https://flagcdn.com/w320/sj.png
308,Tate GUERRA,1-989-638-0645,diam@google.com,Ap #308-4378 Sed St.,"31.760729088, -15.1978268672",848397.0,82,euro,556511950.929,Latvia,https://flagcdn.com/w320/lv.png
309,Mannix VALENTINE,1-366-364-4715,pharetra.ut@protonmail.edu,Ap #808-9312 Vestibulum Ave,"-42.1949971456, -39.8178720768",415633.0,42,dollar,272447431.5,Ghana,https://flagcdn.com/w320/gh.png
310,Alika BENJAMIN,535-1182,mauris.aliquam@aol.edu,"P.O. Box 842, 2475 In St.","48.442494976, -38.7886149632",892127.0,40,euro,585196950.539,Micronesia,https://flagcdn.com/w320/fm.png
311,Mira HORN,895-4794,cras.eget@protonmail.org,862-521 Amet Rd.,"72.8609263616, 128.0818038784",322372.0,100,yen,1547385.5999999999,Belarus,https://flagcdn.com/w320/by.png
312,Josiah JOHNS,776-2811,nunc.lectus@aol.ca,"P.O. Box 213, 1863 Morbi St.","35.5395173376, -105.84291328",612771.0,93,dollar,401671390.5,Montenegro,https://flagcdn.com/w320/me.png
313,Bianca ALSTON,1-893-902-8396,risus.nulla@google.ca,675-2375 Arcu. St.,"50.8128899072, 95.9815501824",418375.0,35,euro,274436009.875,Angola,https://flagcdn.com/w320/ao.png
314,Quamar SCOTT,492-2738,erat.volutpat@outlook.edu,"P.O. Box 924, 5275 Semper Street","-63.2065522688, -115.720933376",524963.0,59,euro,344353154.591,Somalia,https://flagcdn.com/w320/so.png
315,Rebecca BENDER,1-382-636-1469,nunc@outlook.edu,"P.O. Box 267, 9394 Fringilla, Rd.","30.4330865664, -22.4666133504",581503.0,70,yen,2791214.4,Svalbard and Jan Mayen,https://flagcdn.com/w320/sj.png
316,Colton BURNS,963-1584,torquent@yahoo.org,Ap #172-229 Bibendum St.,"-75.9875439616, -140.9493769216",317265.0,18,euro,208112197.605,Madagascar,https://flagcdn.com/w320/mg.png
317,Kevin BOND,1-675-216-5935,vitae.semper.egestas@aol.org,"P.O. Box 407, 6159 Dapibus Av.","-80.602526208, -127.3081454592",258234.0,92,euro,169390399.938,Philippines,https://flagcdn.com/w320/ph.png
318,Anthony LAMBERT,311-6533,risus.duis@protonmail.ca,Ap #737-4839 Ligula. St.,"35.9110152192, -121.789294592",598467.0,41,yen,2872641.6,Colombia,https://flagcdn.com/w320/co.png
319,Madeson CRANE,169-1717,quisque@icloud.org,"P.O. Box 113, 9632 Orci, St.","52.0047352832, 22.0233150464",923900.0,79,dollar,605616450.0,Antarctica,https://flagcdn.com/w320/aq.png
320,Maggie UNDERWOOD,1-131-323-2198,at.velit.cras@icloud.couk,510-8380 Eget Rd.,"5.3563662336, 28.3234238464",502128.0,88,yen,2410214.4,Peru,https://flagcdn.com/w320/pe.png
321,Chandler ATKINSON,317-5252,sem@google.ca,"404-8499 Ac, St.","-20.6163073024, 106.6623647744",379276.0,49,yen,1820524.8,Angola,https://flagcdn.com/w320/ao.png
322,Cassidy SIMON,1-588-546-8252,eget@yahoo.org,205-3233 Luctus Rd.,"30.8391168, -119.6268099584",918658.0,64,euro,602600145.706,French Polynesia,https://flagcdn.com/w320/pf.png
323,Gregory FERNANDEZ,724-3253,per@aol.org,Ap #694-5677 Est. Street,"-60.0044345344, 39.0810130432",686282.0,49,euro,450171481.874,El Salvador,https://flagcdn.com/w320/sv.png
324,Imogene CROSS,632-4251,libero@outlook.com,300-8641 Fusce Road,"-30.2493761536, -111.3789654016",447821.0,84,dollar,293546665.5,Saint Kitts and Nevis,https://flagcdn.com/w320/kn.png
325,Lars BARNES,1-723-931-8426,pellentesque.sed@aol.edu,Ap #944-6082 Curae Rd.,"72.3195972608, 111.2241309696",308947.0,86,euro,202655947.27899998,United States Virgin Islands,https://flagcdn.com/w320/vi.png
326,Gillian HULL,511-4368,ante.dictum.mi@aol.net,737-3700 Eget Rd.,"-66.9773761536, -151.148143616",736975.0,91,euro,483423910.075,Moldova,https://flagcdn.com/w320/md.png
327,Madison RASMUSSEN,574-0363,tellus.sem.mollis@outlook.com,Ap #665-3680 Facilisis Av.,"42.0076752896, -55.0081600512",907676.0,45,yen,4356844.8,Burundi,https://flagcdn.com/w320/bi.png
328,Cameron PERKINS,1-385-674-0525,neque.tellus@yahoo.couk,327-6332 Risus. Avenue,"75.169127424, -80.5756701696",274415.0,98,yen,1317192.0,Caribbean Netherlands,https://flagcdn.com/w320/bq.png
329,Axel BLANCHARD,1-577-615-9732,lacus@aol.org,"2704 Lectus, Street","70.291757056, -31.1779633152",499027.0,72,yen,2395329.6,American Samoa,https://flagcdn.com/w320/as.png
330,Odysseus WASHINGTON,1-362-412-7611,nec@yahoo.ca,Ap #818-2622 Dolor. Road,"82.7388203008, -107.8482048",296839.0,29,euro,194713619.923,El Salvador,https://flagcdn.com/w320/sv.png
331,Ferris KLEIN,1-155-748-2684,ut.nulla@yahoo.edu,"P.O. Box 245, 8587 Urna. Avenue","-87.7072955392, -24.4556792832",304969.0,95,euro,200046550.333,Saint Vincent and the Grenadines,https://flagcdn.com/w320/vc.png
332,Yael MACDONALD,818-9861,aliquam.eros@hotmail.com,Ap #929-2336 Sed Ave,"14.1262501888, -134.0671555584",500465.0,46,yen,2402232.0,Jamaica,https://flagcdn.com/w320/jm.png
333,Susan SIMON,1-363-287-3635,rutrum.justo@outlook.com,"9721 Nec, Street","-17.9910816768, 73.486216192",685667.0,62,yen,3291201.6,Kazakhstan,https://flagcdn.com/w320/kz.png
334,Kareem WOODWARD,504-7831,convallis@hotmail.ca,"P.O. Box 705, 5596 Adipiscing. Avenue","64.6508296192, 109.0667567104",974305.0,97,euro,639102184.885,Poland,https://flagcdn.com/w320/pl.png
335,Leah BENJAMIN,610-0836,eu.placerat@hotmail.ca,"P.O. Box 168, 8041 Praesent Rd.","2.9041580032, -134.5102323712",656321.0,62,dollar,430218415.5,Andorra,https://flagcdn.com/w320/ad.png
336,Kristen BUSH,642-8832,natoque.penatibus@yahoo.ca,"P.O. Box 463, 5635 Malesuada Av.","-45.3561843712, -55.5758309376",591070.0,81,dollar,387446385.0,Kenya,https://flagcdn.com/w320/ke.png
337,Dylan MALONE,518-2172,libero@hotmail.edu,"P.O. Box 424, 4161 Velit. Street","-44.9876800512, -142.934403072",519916.0,69,yen,2495596.8,Belgium,https://flagcdn.com/w320/be.png
338,Winifred ESPINOZA,338-7148,ante.iaculis@yahoo.edu,"160-7099 A, Road","28.8084471808, 92.3011400704",707623.0,78,dollar,463846876.5,Malaysia,https://flagcdn.com/w320/my.png
339,Cailin FINLEY,945-5377,nunc.ac.mattis@protonmail.org,885-9640 Gravida Road,"12.2994082816, -79.8531349504",311822.0,45,euro,204541823.65399998,El Salvador,https://flagcdn.com/w320/sv.png
340,Alexis DUKE,1-755-890-8788,consequat@aol.org,5467 Eu Av.,"11.2704121856, 114.3142043648",643285.0,96,dollar,421673317.5,Rwanda,https://flagcdn.com/w320/rw.png
341,Whitney HAYDEN,736-4516,non.egestas.a@google.com,539-3233 Sed Ave,"71.6200585216, -23.8034953216",796625.0,25,euro,522551745.125,South Korea,https://flagcdn.com/w320/kr.png
342,Nigel FROST,872-6165,dui.quis@icloud.ca,Ap #578-7439 Est Avenue,"44.0255471616, 143.6224744448",612381.0,95,euro,401695603.617,Northern Mariana Islands,https://flagcdn.com/w320/mp.png
343,Ramona TORRES,1-537-580-3605,nulla@protonmail.couk,"Ap #485-6964 Eu, Rd.","80.2387690496, 70.6108752896",242748.0,41,euro,159232249.836,Brazil,https://flagcdn.com/w320/br.png
344,Josiah GIBBS,754-2862,a.mi@google.com,Ap #284-9953 Sed Ave,"51.1570758656, -67.4802516992",814690.0,40,euro,534401608.33,Central African Republic,https://flagcdn.com/w320/cf.png
345,Ingrid REYES,1-254-826-3827,malesuada.malesuada@protonmail.net,"P.O. Box 446, 4873 Nunc Rd.","19.9233202176, -179.6817055744",868650.0,44,yen,4169520.0,Kiribati,https://flagcdn.com/w320/ki.png
346,Akeem BARNETT,567-1533,morbi.accumsan.laoreet@protonmail.couk,Ap #784-329 Erat. Ave,"61.8429700096, -109.4906087424",381786.0,22,yen,1832572.8,Ireland,https://flagcdn.com/w320/ie.png
347,Iona GLOVER,1-455-314-8463,lectus.a@yahoo.couk,"P.O. Box 545, 2587 Luctus Rd.","-64.0673570816, 80.3170403328",567583.0,55,yen,2724398.4,Saint Barthélemy,https://flagcdn.com/w320/bl.png
348,Cole CARVER,1-300-596-5526,sit.amet@icloud.couk,9349 Aenean Ave,"-31.2574380032, -11.4287589376",271566.0,94,euro,178135618.662,Madagascar,https://flagcdn.com/w320/mg.png
349,Quentin PERKINS,755-0782,erat@icloud.com,251-2404 Libero. Ave,"19.4338864128, -76.9097194496",739183.0,33,yen,3548078.4,Lesotho,https://flagcdn.com/w320/ls.png
350,Louis ELLISON,877-3851,purus.maecenas@hotmail.edu,"P.O. Box 887, 129 Ante Street","-86.3207421952, -103.0625089536",291499.0,44,yen,1399195.2,Montenegro,https://flagcdn.com/w320/me.png
351,Armando WEAVER,333-7121,felis.purus.ac@protonmail.ca,"Ap #800-9214 Id, Road","15.5196614656, -175.9074797568",933851.0,37,yen,4482484.8,Palau,https://flagcdn.com/w320/pw.png
352,Erin HALL,901-3557,nunc.laoreet@hotmail.org,4400 Vitae St.,"-80.46896128, 13.9136492544",403221.0,34,dollar,264311365.5,Iceland,https://flagcdn.com/w320/is.png
353,Wyoming MATHIS,811-5547,est.vitae@protonmail.org,Ap #887-2751 Parturient Street,"-45.2047333376, -107.2745194496",304773.0,47,euro,199917982.761,Åland Islands,https://flagcdn.com/w320/ax.png
354,Caesar EVERETT,504-5581,proin.vel@google.org,Ap #918-3146 Ac Ave,"56.5706175488, 174.2486612992",815567.0,38,euro,534976882.619,Caribbean Netherlands,https://flagcdn.com/w320/bq.png
355,Noelle MITCHELL,674-4416,eget@aol.couk,"P.O. Box 773, 6253 Non, Avenue","-38.2377137152, -101.4241281024",764302.0,46,euro,501349247.014,Niger,https://flagcdn.com/w320/ne.png
356,Callie REESE,1-277-557-4378,proin@hotmail.net,"847-5220 Vulputate, St.","-27.3966803968, -24.6852492288",300993.0,27,yen,1444766.4,Northern Mariana Islands,https://flagcdn.com/w320/mp.png
357,Drake BARKER,1-317-762-7436,in.cursus@google.com,365-7694 Mauris Rd.,"35.0850217984, 24.4213761024",544390.0,69,yen,2613072.0,Panama,https://flagcdn.com/w320/pa.png
358,Hyatt RIGGS,552-7355,arcu@google.net,522-4686 Pharetra Road,"61.713251328, 35.2141802496",736413.0,49,euro,483055262.241,Bosnia and Herzegovina,https://flagcdn.com/w320/ba.png
359,May MCKINNEY,1-534-383-1231,nullam.velit.dui@google.edu,Ap #201-4878 Quis St.,"30.9396861952, 92.7918988288",212891.0,31,euro,139647341.687,Denmark,https://flagcdn.com/w320/dk.png
360,Ronan STUART,127-6586,lacus.varius@protonmail.edu,"Ap #582-4368 Vel, St.","-88.8754668544, 64.12071424",392614.0,50,euro,257537901.598,Luxembourg,https://flagcdn.com/w320/lu.png
361,Adrienne DECKER,1-161-563-4106,maecenas.iaculis@yahoo.net,Ap #769-2055 Mauris Street,"12.988591616, 140.630530048",986713.0,51,euro,647241299.341,Puerto Rico,https://flagcdn.com/w320/pr.png
362,Candace EATON,1-633-872-5803,suspendisse.sed@outlook.couk,624-5131 Dictum Rd.,"68.068018688, -120.0909011968",852653.0,97,euro,559303703.921,Saint Kitts and Nevis,https://flagcdn.com/w320/kn.png
363,Alexis PATTERSON,1-177-912-5123,facilisis@icloud.net,7550 Morbi Ave,"20.4511000576, -114.5288830976",496694.0,24,euro,325809906.158,Republic of the Congo,https://flagcdn.com/w320/cg.png
364,Randall WALLER,313-6963,at@protonmail.couk,"P.O. Box 169, 9210 Vel, Av.","74.2962316288, 33.1944743936",564267.0,20,yen,2708481.6,Malawi,https://flagcdn.com/w320/mw.png
365,Mariam REEVES,330-7083,nisi.nibh@aol.edu,656-487 Quis Road,"-62.2835680256, 80.8855119872",598289.0,81,euro,392451857.573,Georgia,https://flagcdn.com/w320/ge.png
366,Kyla RIVERS,166-1936,dictum@outlook.ca,Ap #995-5625 Et Rd.,"7.418155008, -46.436830208",577129.0,33,yen,2770219.1999999997,Zimbabwe,https://flagcdn.com/w320/zw.png
367,Raphael RIOS,1-384-985-7862,magnis.dis.parturient@icloud.edu,Ap #346-9751 Phasellus Avenue,"69.7251437568, 47.064662016",970626.0,62,yen,4659004.8,Nigeria,https://flagcdn.com/w320/ng.png
368,Paul OWEN,1-631-316-6163,fusce.mollis@hotmail.edu,Ap #473-8090 Sit Road,"-6.0596206592, -52.0130732032",966157.0,98,euro,633757447.249,Qatar,https://flagcdn.com/w320/qa.png
369,Christopher HEAD,723-5445,velit@aol.net,"P.O. Box 756, 1447 Nam Av.","-45.2395947008, 162.8042761216",452770.0,47,euro,296997650.89,Turks and Caicos Islands,https://flagcdn.com/w320/tc.png
370,Barry POLLARD,671-8325,nulla.dignissim@icloud.org,"Ap #524-2087 A, Av.","-17.3193526272, -30.9319641088",512055.0,89,yen,2457864.0,Botswana,https://flagcdn.com/w320/bw.png
371,Rosalyn MCDANIEL,273-1202,senectus.et@outlook.org,4299 Tristique St.,"-74.0526772224, 67.8299245568",481160.0,61,euro,315620270.12,Nicaragua,https://flagcdn.com/w320/ni.png
372,Benedict BOND,1-205-418-3846,nisl.nulla@google.couk,"Ap #863-3171 Id, St.","-32.6724608, -139.169483776",207304.0,35,euro,135982509.928,Canada,https://flagcdn.com/w320/ca.png
373,Hanna BOLTON,1-582-715-7365,posuere.cubilia@protonmail.org,"378-3226 Sem, Av.","-67.4103836672, 12.1222848512",590519.0,33,dollar,387085204.5,Burundi,https://flagcdn.com/w320/bi.png
374,Leonard OCHOA,445-2113,mauris@icloud.couk,"P.O. Box 812, 3433 Proin Street","-53.3613764608, -34.6036352",722426.0,66,euro,473880391.682,Sint Maarten,https://flagcdn.com/w320/sx.png
375,Remedios FOWLER,378-4467,ut@protonmail.net,485-7266 Erat. Street,"73.2312311808, -80.1321838592",675095.0,81,dollar,442524772.5,Christmas Island,https://flagcdn.com/w320/cx.png
376,Hyatt FREDERICK,364-4836,sit@hotmail.edu,Ap #129-119 Adipiscing Av.,"17.8368876544, 96.463999488",218131.0,56,yen,1047028.7999999999,Paraguay,https://flagcdn.com/w320/py.png
377,Hakeem BREWER,842-2233,donec.est.nunc@icloud.net,670-3628 Et Av.,"-23.6275574784, 140.3841794048",376013.0,54,dollar,246476521.5,Saint Barthélemy,https://flagcdn.com/w320/bl.png
378,Hyacinth BARNES,684-2126,dui@yahoo.edu,335-9536 Aliquet Av.,"-85.6220827648, -71.3529542656",574731.0,74,dollar,376736170.5,Zimbabwe,https://flagcdn.com/w320/zw.png
379,Stuart MCCLAIN,916-7592,a.enim.suspendisse@hotmail.couk,Ap #614-4471 Ut Street,"-35.6253786112, 137.004313088",434918.0,75,dollar,285088749.0,New Zealand,https://flagcdn.com/w320/nz.png
380,Lamar MCCULLOUGH,1-264-658-4162,elit.pellentesque@hotmail.couk,Ap #726-3314 Nunc Road,"-21.56938496, -169.2261230592",482969.0,47,dollar,316586179.5,Montserrat,https://flagcdn.com/w320/ms.png
381,Eaton PICKETT,1-860-266-8357,eget.volutpat@outlook.net,Ap #651-1210 Curabitur Street,"-81.720891392, 6.5824212992",534629.0,71,euro,350693634.953,Belize,https://flagcdn.com/w320/bz.png
382,Mallory JUSTICE,1-232-568-7534,mauris.elit.dictum@google.edu,9341 In Road,"-56.3580259328, -155.133101568",427240.0,44,yen,2050752.0,United Kingdom,https://flagcdn.com/w320/gb.png
383,Mary MAYER,144-1842,ultrices.vivamus.rhoncus@yahoo.ca,Ap #231-8348 Per Rd.,"-70.4136482816, -8.1477168128",459576.0,47,euro,301462094.232,Kazakhstan,https://flagcdn.com/w320/kz.png
384,Zachery MAXWELL,382-2568,quam.vel@aol.edu,"262-3389 Aliquet, Ave","51.0545539072, 161.7720619008",220533.0,95,dollar,144559381.5,Croatia,https://flagcdn.com/w320/hr.png
385,Rosalyn JAMES,1-317-151-8630,vulputate.nisi@protonmail.ca,3701 Rhoncus. Ave,"-53.6036460544, 149.4229530624",205669.0,50,dollar,134816029.5,Angola,https://flagcdn.com/w320/ao.png
386,Frances WYATT,822-2343,ut.semper@aol.net,"P.O. Box 871, 1057 Justo Rd.","77.1560641536, -176.5575447552",703832.0,62,dollar,461361876.0,São Tomé and Príncipe,https://flagcdn.com/w320/st.png
387,Herman SHAFFER,1-271-555-8934,libero.at@protonmail.net,"7028 Placerat, Rd.","38.7323501568, -115.6457120768",759464.0,53,dollar,497828652.0,Germany,https://flagcdn.com/w320/de.png
388,Jordan CALHOUN,1-596-488-1213,vestibulum@protonmail.com,"P.O. Box 149, 3184 Nunc Rd.","29.4113916928, 139.380686848",223478.0,59,yen,1072694.4,Turkey,https://flagcdn.com/w320/tr.png
389,Hamilton CANNON,1-408-518-5327,sed.leo@aol.com,Ap #208-1025 Nec Street,"-83.1146565632, -126.9021402112",873792.0,68,yen,4194201.5999999996,Switzerland,https://flagcdn.com/w320/ch.png
390,Kyla HALE,208-1445,amet.faucibus@hotmail.ca,782-5792 Odio Road,"-22.6318906368, -63.7857130496",428787.0,88,dollar,281069878.5,Northern Mariana Islands,https://flagcdn.com/w320/mp.png
391,Stone RAMSEY,766-6463,enim.diam@outlook.ca,"P.O. Box 910, 1377 Bibendum Rd.","37.9212795904, -42.9499114496",770386.0,58,dollar,504988023.0,Colombia,https://flagcdn.com/w320/co.png
392,Clayton BOONE,1-445-768-3434,est.ac.mattis@aol.com,Ap #806-6884 Consectetuer Street,"84.8149102592, -39.9683817472",458897.0,68,yen,2202705.6,Uzbekistan,https://flagcdn.com/w320/uz.png
393,Melyssa BAXTER,752-9153,nisl.quisque@hotmail.ca,"P.O. Box 631, 8006 Aliquam St.","-16.9220569088, -126.5656700928",707390.0,55,euro,464017422.23,Bermuda,https://flagcdn.com/w320/bm.png
394,Judith GRIFFIN,775-6171,ac.mattis@aol.org,Ap #616-8311 Parturient Rd.,"-85.9011279872, -166.927120896",358590.0,26,euro,235219620.63,Bahamas,https://flagcdn.com/w320/bs.png
395,Norman ROBBINS,1-983-560-7150,magna.praesent@icloud.net,514-4000 Vestibulum Ave,"3.9150710784, 145.8231391232",768983.0,18,yen,3691118.4,Niger,https://flagcdn.com/w320/ne.png
396,Kennedy EVERETT,1-713-543-1787,parturient.montes.nascetur@icloud.org,"P.O. Box 523, 4878 Fusce Road","-89.8435438592, -32.8450630656",302993.0,95,euro,198750379.301,Niue,https://flagcdn.com/w320/nu.png
397,Ira KINNEY,612-9784,eu.ultrices@yahoo.ca,645-538 Massa. Avenue,"45.948550656, -95.2037608448",595098.0,27,dollar,390086739.0,Andorra,https://flagcdn.com/w320/ad.png
398,Marshall HOUSE,1-456-654-3774,mauris@protonmail.edu,Ap #593-8502 Euismod Road,"-13.97914624, 11.0238723072",628549.0,99,euro,412301116.393,Kenya,https://flagcdn.com/w320/ke.png
399,September BERRY,1-844-241-8227,arcu.nunc@outlook.net,"895-2111 A, Road","-65.9360620544, 12.5307730944",286325.0,18,euro,187816888.025,Kiribati,https://flagcdn.com/w320/ki.png
400,Justin Foxx,+221771889656,justin@gmail.com,,"14.1881818,-17.0919919",350000,28,dollar,229425000.0,Tajikistan,https://flagcdn.com/w320/tj.png
401,Fabiola Manie,+221761889856,fabiola@gmail.com,,"14.1881818,-17.0919919",650000,25,dollar,426075000.0,Morocco,https://flagcdn.com/w320/ma.png
402,Marius Mana,+22997189656,marius@gmail.com,,"15.1881818,-28.0919919",550000,38,dollar,360525000.0,North Macedonia,https://flagcdn.com/w320/mk.png
403,Fabien Garcias,+22965169251,fabien@gmail.com,,"24.1881818,-27.0919919",850000,22,euro,557563450.0,Western Sahara,https://flagcdn.com/w320/eh.png
